{
    "identifier": "c46ca472-c23f-47f1-9c8e-a604e6ca2f79",
    "tilesets": ["..\\TestTileset.json"],
    "layers": [{
        "tiles": [
            "0,0,0,0,0,0,0,0,0,0,0,0",
            "0,0,0,0_2,0_2,0_2,0_2,0_2,0_2,0_2,0,0",
            "0,0,0_2,0,0,0,0,0,0,0,0_2,0",
            "0,0,0_2,0,0,0,0,0_1,0,0,0_2,0",
            "0,0,0_2,0,0,0,0,0,0,0,0_2,0",
            "0,0,0_2,0,0,0,0,0,0,0,0_2,0",
            "0,0,0_2,0,0,0,0,0,0,0_16,0_2,0",
            "0,0,0_2,0,0_0,0,0,0,0_16,0_16,0_2,0",
            "0,0,0,0_2,0_2,0_2,0_2,0_2,0_2,0_2,0,0",
            "0,0,0,0,0,0,0,0,0,0,0,0",
            "0,0,0,0,0,0,0,0,0,0,0,0",
            "0,0,0,0,0,0,0,0,0,0,0,0"
        ],
        "visible": true,
        "offset": {
            "x": 0,
            "y": 0
        },
        "transparency": 100,
        "name": "Tile Layer",
        "class": "com.ktar5.tileeditor.tilemap.layers.tile.TileLayer",
        "properties": {}
    }],
    "properties": {},
    "dimensions": {
        "numTilesHigh": 12,
        "numTilesWide": 12,
        "tileWidth": 16,
        "tileHeight": 16
    }
}